county_fips,score,yost_ses_quintile
01000,0.43197407407407407,4
01001,0.9503607547169812,5
01002,1.1679935714285714,5
01003,0.8605683333333333,5
01004,0.866011746031746,5
01005,0.8152019047619048,5
01006,0.8579295238095238,5
01007,0.3450673913043478,4
01008,-0.11864840336134455,2
01009,0.6080464429530201,4
01010,0.35614152173913044,4
01011,0.195318125,3
01012,0.6036946808510638,4
01013,1.3640539999999999,5
02001,0.07928,3
02002,-0.8970837037037037,1
02005,0.5792733333333333,4
02006,-0.86033,1
02007,0.31552,3
02009,-0.8377968421052632,1
02010,-0.69472,1
02011,-1.2116866666666668,1
02012,-0.4475046153846154,1
02013,-0.741625,1
02015,-0.46181599999999995,1
02016,0.67766,4
02017,-0.6060646153846154,1
02018,0.41723,4
02020,0.26775499999999997,3
02022,-1.07368,1
02023,0.017666666666666647,2
02024,-0.56,1
02026,-0.6484466666666666,1
02027,1.1465,5
02028,-0.33685,1
02029,0.69105,4
04000,0.1605048101265823,3
04001,-0.3084685242290749,1
04002,0.38517739130434786,4
05000,0.5044063157894737,4
05001,0.9519550000000001,5
05002,0.9697475,5
05003,0.8989908695652175,5
05004,0.4193622857142857,4
05005,0.7417493023255813,5
05006,0.7722977272727273,5
05007,1.2377905263157896,5
05008,0.702925,5
05009,1.0625806451612902,5
05010,1.036502,5
05011,0.23862609523809525,3
05012,0.5055144444444445,4
05013,0.6045924444444444,4
05014,0.5057954716981132,4
06000,-0.43861881081081083,1
06001,-0.23781781420765027,2
06002,0.34931049999999997,4
06003,0.20039243972999035,3
06004,-0.3331871544715447,1
06005,-0.5119002295552367,1
06006,-0.16364144329896907,2
06007,-0.25134889661164206,1
06008,-0.6991331402439025,1
06009,-0.18473318352059925,2
06010,0.5550355555555556,4
06011,-0.3512275621890547,1
08000,-0.5833147663551401,1
08001,-1.1164978947368422,1
08002,0.3363230769230769,4
08003,-0.5937478494623656,1
08004,-0.7968459375,1
08005,-1.0886007194244602,1
08006,-0.8740366197183099,1
08007,-0.19168186046511626,2
08008,0.27936303030303034,3
08009,-0.5607655555555556,1
08010,-0.0869109375,2
08011,-1.017342857142857,1
08012,0.046752499999999995,2
09000,-0.3190902915451895,1
09001,-0.37484355140186915,1
10000,-0.0552921875,2
11000,0.13432792899408283,3
12000,-0.2974671428571429,1
12001,-0.1237340350877193,2
12002,-0.08491194029850746,2
12003,0.11854256880733946,3
12004,1.0278413333333334,5
12005,0.08902686868686868,3
12006,0.18690149253731342,3
12007,-0.16216689655172414,2
12008,0.30625904191616765,3
12009,-0.2909222093023256,1
12010,0.14617569007263922,3
12011,-0.35820036199095023,1
12012,0.1464912087912088,3
12013,0.7661511111111111,5
13000,1.020664,5
13001,0.90193,5
13002,0.8151811320754717,5
13003,0.7155170370370371,5
13004,0.8226868965517241,5
13005,0.16044959349593496,3
13006,-0.441329104477612,1
13007,0.2549942105263158,3
13008,-0.3487265648854962,1
13009,0.5850621428571429,4
13010,1.0555645454545455,5
13011,-0.10570545454545452,2
13012,0.05081483870967742,3
13013,-0.29388378378378377,1
13014,0.8255642105263158,5
13015,0.23377304347826086,3
13016,1.0766882352941176,5
13017,0.6923986666666667,5
13018,0.5780942857142857,4
13019,1.169287619047619,5
13020,0.9839514285714286,5
13021,0.41173849999999995,4
13022,0.6197112,4
13023,0.96497,5
13024,0.34208819672131147,4
13025,1.00186,5
13026,1.1118642105263157,5
13027,0.93213,5
13028,0.8187081818181817,5
13029,0.9536365853658536,5
13030,1.140364705882353,5
13031,0.94928,5
13032,0.9922320000000001,5
15000,-0.4389411194029851,1
16000,-0.6845776315789474,1
16001,-0.42211136363636365,1
16002,0.3025207142857143,3
16003,0.16738571428571428,3
16004,0.19766133333333336,3
16005,-0.31601384615384615,1
16006,-0.061691666666666665,2
16007,0.4841557142857143,4
16008,0.08372952380952382,3
17000,0.31579250000000003,3
17001,-0.2463949152542373,2
17002,0.30956685714285714,3
17003,0.10426759134973901,3
17004,-0.9082520238095239,1
17005,0.5064794594594595,4
17006,0.2078442857142857,3
17007,0.0015847619047619037,2
17008,-0.03114818181818183,2
17009,-0.4349384,1
17010,0.14402871794871794,3
17011,-0.25264505263157894,1
17012,0.28954066666666667,3
17013,0.18752214285714283,3
17014,0.12120739726027398,3
17015,0.3894494736842105,4
17016,0.02964975000000001,2
17017,-0.0267256603773585,2
17018,0.3867083720930233,4
17019,-0.16516780487804877,2
17020,-0.004523571428571418,2
18000,-0.029444957264957262,2
18001,0.25942076923076923,3
18002,0.5257721212121212,4
18003,0.47345594936708857,4
18004,0.46014499999999997,4
18005,-0.18905868852459015,2
18006,0.13178733333333334,3
18007,0.5266245714285714,4
18008,0.3442778313253012,4
18009,0.1804172508591065,3
18010,-0.00639762711864407,2
18011,0.7523755555555556,5
18012,0.03985348837209302,2
18013,0.662511724137931,4
18014,0.3122155319148936,3
18015,-0.0671389090909091,2
18016,0.32010045454545455,4
18017,0.31241380952380954,3
18018,0.04138666666666666,2
19000,0.23713555555555554,3
19001,-0.07584920634920635,2
19002,0.07383615384615384,3
19003,-0.1592223076923077,2
19004,0.09202333333333333,3
19005,0.027473600000000008,2
19006,-0.029797142857142862,2
19007,-0.10485894736842105,2
19008,0.046410434782608694,2
19009,0.02949153846153846,2
19010,-0.5264117948717948,1
19011,-0.3120825396825397,1
19012,0.086993125,3
19013,0.2696633333333333,3
19014,-0.08408454545454545,2
19015,-0.2617196694214876,1
19016,-0.3220979220779221,1
19017,0.28119076923076924,3
19018,-0.09624705882352942,2
19019,0.1448297297297297,3
20000,0.09551428571428573,3
20001,-0.20455217391304348,2
20002,0.08231571428571428,3
20003,-0.1190742857142857,2
20004,-0.4857842424242424,1
20005,0.1995916666666667,3
20006,-0.06642499999999998,2
20007,0.0013085714285714209,2
20008,-0.385948,1
20009,-1.1706961666666666,1
20010,-0.2941688888888889,1
20011,-0.0450464,2
20012,0.06132615384615385,3
20013,0.06541,3
20014,-0.24127833333333334,2
20015,-0.14182307692307694,2
20016,-0.28513285714285713,1
20017,-0.24931614457831325,1
20018,-0.031140000000000008,2
20019,-0.15420333333333333,2
20020,0.6543702777777778,4
21000,1.0062303448275862,5
21001,0.4223697872340425,4
21002,0.9445787878787879,5
21003,0.5023599999999999,4
21004,0.8485542105263159,5
21005,0.6556237837837837,4
21006,-0.04501507246376812,2
21007,0.7380096296296296,5
21008,0.9844129032258064,5
21009,0.7445209090909092,5
21010,0.937045806451613,5
21011,0.14813491228070175,3
21012,1.3251144827586208,5
21013,1.3588463157894737,5
21014,0.75559,5
21015,0.866100625,5
21016,0.8486779999999999,5
21017,1.1385324137931034,5
21018,0.3078091666666667,3
21019,1.2844840909090909,5
21020,0.630518,4
21021,0.8468640000000001,5
21022,0.5392399999999999,4
21023,0.993913076923077,5
22000,1.0334693333333334,5
22001,0.4751917037037037,4
22002,1.2079477777777778,5
22003,0.21126722222222222,3
22004,0.9877454054054053,5
22005,0.2599138541666667,3
22006,0.7695632558139535,5
22007,0.45291455938697317,4
22008,0.8012737777777778,5
22009,1.0724154166666666,5
22010,0.5098395652173913,4
22011,0.9561200000000001,5
22012,1.0162292307692307,5
23000,-0.2020085294117647,2
23001,-0.053898608695652175,2
23002,0.28465882352941174,3
23003,-0.28146564102564103,1
24000,-0.33055171779141107,1
24001,-0.0994793023255814,2
24002,-0.6760195348837209,1
24003,-0.6647929562982006,1
24004,0.3218770588235294,4
24051,0.8338539795918368,5
25000,-0.14071126373626372,2
25001,-0.5519703738317757,1
25002,-0.3825854003724395,1
26000,0.12683954545454545,3
26001,0.18057183673469387,3
26002,0.11348456692913386,3
26003,0.10159884615384615,3
26004,-0.05875390804597701,2
26005,-0.02646666666666667,2
26006,-0.1592020338983051,2
26007,-0.24761095652173912,1
26008,-0.29202415094339623,1
26009,-0.2758950344827586,1
26010,-0.05548724137931034,2
26011,0.05954487179487179,3
26012,-0.7421588832487309,1
26013,-0.19661056603773583,2
26014,0.22332652173913042,3
26015,0.2592003333333333,3
26016,0.2130433711048159,3
27000,-0.595988623853211,1
27001,-0.5031324,1
27002,-0.228924,2
27003,-0.9481753153153154,1
27004,-0.0792715,2
27005,-0.8006714376996805,1
27006,-0.09792000000000001,2
27007,-0.008318947368421046,2
27008,0.042181818181818195,2
27009,0.15144,3
27010,-0.6685396,1
27011,0.10379363636363635,3
27012,-0.4197113333333333,1
27013,-0.373231320754717,1
27014,-0.2607420408163265,1
27015,0.13530090909090908,3
27016,-0.8960220588235294,1
27017,-0.24097428571428572,2
28000,1.0198118518518517,5
28001,1.1029685714285715,5
28002,1.0478704,5
28003,0.29229148936170213,3
28004,0.2076582456140351,3
28005,0.5803652380952381,4
28006,0.8707238095238095,5
28007,0.5963094117647059,4
28008,0.2561760714285714,3
28009,1.1495924137931035,5
28010,0.7337048275862068,5
28011,1.0621227272727274,5
28012,0.4859,4
28013,1.1054439999999999,5
28014,0.7965246153846154,5
28015,1.105660625,5
28016,0.9219688888888888,5
29000,0.48114833333333334,4
29001,-0.051878139534883724,2
29002,0.5406829629629629,4
29003,0.0743055,3
29004,-0.35978733333333335,1
29005,0.34691923076923076,4
29006,1.0788280000000001,5
29007,0.09508305882352941,3
29008,0.7929166666666667,5
29009,0.1195597810218978,3
29010,0.5458178571428571,4
29011,0.8118469565217391,5
29012,0.7443990476190476,5
29013,0.9676959999999999,5
29014,0.6912303448275863,5
29015,0.8416428571428571,5
29016,-0.21344428571428573,2
29017,0.7321376470588236,5
29018,-0.5356215384615385,1
29019,0.773985,5
29020,0.8920764285714285,5
29021,0.7090281818181818,5
29022,1.0283655555555555,5
29051,0.7604242201834862,5
30000,-0.016012000000000005,2
30001,-0.21686470588235296,2
30002,-0.3094975,1
30003,-0.48694210526315795,1
30004,-0.42808125,1
30005,0.024487272727272722,2
30006,-0.4990862068965517,1
30007,-0.06592222222222223,2
30008,-0.056919166666666667,2
30009,-0.18545684210526314,2
30010,0.28359999999999996,3
30011,-0.6037985185185185,1
31000,-0.117984,2
31001,-0.3372047058823529,1
31002,-0.24723066666666665,2
31003,0.034222857142857145,2
31004,0.23918888888888892,3
31005,-0.44659025316455697,1
31006,0.10489999999999998,3
31007,-0.11730555555555555,2
31008,-0.07563600000000001,2
31009,0.076578,3
31010,-0.6330107936507937,1
31011,-0.07171684210526316,2
31012,-0.03453555555555556,2
31013,-0.12936333333333333,2
31014,0.009831764705882358,2
31015,-0.6877912280701753,1
31016,0.0443175,2
31017,-0.2947033333333333,1
31018,-0.37272,1
32000,-0.13450316076294278,2
32001,0.2607830769230769,3
32002,0.41089999999999993,4
32003,-0.5408452173913043,1
32051,-0.3246266666666667,1
33000,-0.2734695652173913,1
33001,-0.6283570854271356,1
34000,-0.3060941463414634,1
34001,0.2744051789473684,3
34002,-0.5080049241146711,1
34003,-0.13111543408360127,2
34004,-0.42647565217391303,1
35000,-0.1822940350877193,2
35001,0.4796864150943397,4
35002,0.6452974193548388,4
35003,0.5749360869565218,4
35004,-0.172171914893617,2
35005,0.48056952380952384,4
35006,0.31453333333333333,3
36000,0.5842924948453608,4
36001,0.198803,3
36002,-0.04976814371257485,2
36003,0.2310523076923077,3
36004,0.49819536374845874,4
36005,-0.46443791411042945,1
36006,-0.1885882269503546,2
36007,-0.1249764705882353,2
36008,0.08229525773195877,3
36009,-0.21100504504504505,2
36010,-0.49016071246819337,1
36011,-0.40598242038216564,1
36012,0.31886,4
37000,0.6692391304347826,4
37001,0.6649105882352941,4
37002,0.3389665934065934,4
37003,0.36420542372881354,4
37004,0.6846262222222222,4
37005,0.08631886363636364,3
37006,0.11359443708609272,3
37007,0.7130833898305085,5
37008,0.05312692810457515,3
37009,0.43592117647058826,4
37010,0.6594717647058823,4
37011,-0.3163125,1
37012,0.08266478873239437,3
37013,-0.13879,2
37014,0.4562926315789474,4
37015,0.8235196078431372,5
37016,0.8327936170212766,5
37017,0.34899384615384615,4
37018,-0.6073107936507937,1
37019,0.7828301639344262,5
38000,0.08965076923076923,3
38001,-0.6315755102040816,1
38002,0.369482,4
38003,-0.34977478260869566,1
38004,0.581908,4
38005,0.13179888888888888,3
38006,0.04656428571428571,2
38007,-0.025847999999999993,2
38008,0.11225375,3
38009,0.064165,3
38010,-0.0885286956521739,2
39000,0.48055380952380955,4
39001,0.3056512280701754,3
39002,0.34698382608695655,4
39003,0.20499855238095238,3
39004,-0.2591676832844575,1
39005,-0.049250126582278494,2
39006,0.033251782945736434,2
39007,0.835334761904762,5
39008,0.1090511888111888,3
39009,0.2838691666666667,3
39010,0.04289395348837209,2
39011,0.10049668571428572,3
39012,0.5039688888888888,4
39013,0.2776480459770115,3
39014,0.6001090666666667,4
39015,0.17076901023890784,3
39016,0.08011113636363637,3
39017,-0.014718000000000014,2
40000,0.6629388235294118,4
40001,0.2838189285714286,3
40002,-0.257368,1
40003,0.35647233333333334,4
40004,0.623244375,4
40005,0.5061482352941176,4
40006,0.7044591304347826,5
40007,0.5748445161290323,4
40008,0.6688477419354838,4
40009,0.7521225,5
40010,0.06420497959183674,3
40011,0.38205155555555553,4
40012,0.5667185365853659,4
40013,0.33124406779661014,4
40014,-0.20564597156398104,2
40015,0.23896,3
41000,-0.6999818867924529,1
41001,-0.146959375,2
41002,-0.20433155555555554,2
41003,-0.29831243697478993,1
41004,-0.05853934782608696,2
41005,-0.47682568627450983,1
41006,-0.780230099009901,1
41007,-0.04402307692307693,2
42000,0.022405669902912623,2
42001,-0.05357761589403974,2
42002,-0.20977077720207254,2
42003,0.634354647887324,4
42004,-0.0971495,2
42005,0.8056583561643835,5
42006,0.5135893457943925,4
42007,0.37562255591054317,4
42008,0.39966723809523813,4
42009,-0.33803089700996675,1
42010,0.6979521951219512,5
42011,0.65997375,4
42012,0.2551680612244898,3
42013,0.2809927272727273,3
44000,0.06286017621145375,3
45000,0.5903763888888889,4
45001,-0.044525581395348825,2
45002,1.1717922727272727,5
45003,0.5582966666666667,4
45004,0.39965375886524823,4
45005,0.43600975000000003,4
45006,0.26740606060606065,3
45007,0.1946451515151515,3
45008,0.742038085106383,5
45009,0.3057958823529412,3
46000,0.2525125,3
46001,-0.091673,2
46002,0.02805866666666667,2
46003,0.1933111111111111,3
46004,0.41228800000000004,4
46005,0.28757,3
46006,0.11853166666666666,3
46007,-0.038711999999999996,2
46008,0.03633999999999999,2
46009,-0.45708000000000004,1
46010,-0.13095733333333331,2
46011,0.16684909090909092,3
46012,-0.07299454545454546,2
46013,0.21867999999999999,3
47000,0.618598,4
47001,0.9906596226415094,5
47002,1.2274251851851854,5
47003,0.060447080745341615,3
47004,0.9595696551724138,5
47005,1.0419665306122448,5
47006,0.37945739130434786,4
47007,1.1581794285714284,5
47008,1.0911664,5
47009,0.3335146534653466,4
47010,0.9568862499999999,5
47011,0.5036976923076923,4
47012,0.46172619047619046,4
47013,1.2309730434782609,5
47014,0.4198558064516129,4
47015,0.18971914163090128,3
47016,0.4369416,4
47017,0.8257455555555555,5
47018,-0.04426346153846154,2
48000,0.6116570588235294,4
48001,0.5868473684210527,4
48002,0.10237715151515152,3
48003,0.15341774647887324,3
48004,0.23611916666666666,3
48005,0.6269955555555555,4
48006,0.9933082,5
48007,0.9373509999999999,5
48008,-1.016043711340206,1
48009,0.04463529411764706,2
48010,0.68043,4
48011,0.0625000408997955,3
48012,-0.4876966666666667,1
48013,0.5600485245901639,4
48014,0.6814884210526316,4
48015,-0.43234307692307694,1
48016,0.20868108108108108,3
48017,0.8063342857142857,5
48018,0.33874125,4
48019,0.7455315789473684,5
48020,0.13228075528700906,3
48021,1.039199652173913,5
48022,0.7296620689655172,5
48023,0.5603632258064516,4
48024,0.5355761904761904,4
48025,0.3896506382978724,4
48026,0.33390153846153847,4
48027,0.6823373913043478,4
48028,0.9884326315789473,5
48029,0.7113484848484848,5
48030,0.20024315789473685,3
48031,0.87014,5
48032,0.4187572,4
48033,0.09393548387096774,3
48034,0.8193324137931035,5
48035,0.3694672727272727,4
48036,0.4382812,4
48037,0.6582468085106383,4
48038,0.02033944444444444,2
48039,0.13605,3
48040,0.6960783333333334,5
48041,0.815904,5
48042,0.35841056603773586,4
48043,-0.21464570512820513,2
48044,0.41040978723404253,4
48045,-0.4150261682242991,1
48046,0.6676055319148936,4
48047,0.9120908,5
48048,0.4386807142857143,4
48049,-0.09385870129870129,2
48050,1.0102046153846154,5
49000,-0.6475178947368421,1
49001,-0.7868996721311475,1
49002,-0.4527275,1
49003,-0.6542754228855721,1
49004,-0.8242923529411765,1
49005,-0.3819303225806452,1
50000,-0.39329200000000003,1
50001,-0.046017368421052626,2
50002,-0.4018332432432432,1
51000,0.14945384615384613,3
51001,-0.39870352941176473,1
51002,0.8459610526315791,5
51003,0.8225659259259259,5
51004,-0.3774631884057971,1
51005,-1.1018433333333333,1
51006,0.2395982857142857,3
51007,0.4384588888888889,4
51008,-0.17747858585858586,2
51009,-0.0722290909090909,2
51010,-0.5463889795918367,1
51011,0.4979147368421053,4
51012,0.163121,3
51013,0.8660033333333333,5
51014,0.5423888888888889,4
51015,-0.5920451724137931,1
51016,0.4703250980392157,4
51017,-0.0849827450980392,2
51018,0.8688617391304349,5
51019,0.16450190476190477,3
51051,-0.8077272727272727,1
51052,0.011120000000000019,2
51053,1.02168,5
51054,0.07587,3
51055,-0.23435052631578945,2
51056,-0.6681,1
51057,0.752232,5
51058,1.17841,5
51059,0.63708875,4
51060,-1.301256,1
51061,0.06391333333333334,3
51062,0.11914,3
51063,-0.03216399999999999,2
51064,0.3861,4
51065,-0.07610689655172412,2
51066,0.59118,4
51067,0.09257142857142855,3
51068,0.47076500000000004,4
51069,0.944312,5
51070,-0.14946176470588235,2
51071,0.349026582278481,4
51072,1.39398,5
51073,0.308632,3
51074,0.5715696551724139,4
51075,0.31442000000000003,3
51076,0.3336504761904762,4
51077,0.39275461538461537,4
51079,0.48047666666666666,4
51080,0.23945846153846156,3
51081,-0.7709995238095237,1
51082,-0.24031600000000003,2
51083,-0.83434,1
51084,0.420768,4
53000,-0.24214666666666668,2
53001,-0.36458694915254236,1
53002,-0.18704903225806452,2
53003,-0.9674779816513761,1
53004,0.0930788888888889,3
53005,-0.44460461538461543,1
53006,-0.7271079151943463,1
53007,0.0753412987012987,3
54000,0.861830625,5
54001,0.6988217021276596,5
54002,0.8284061538461539,5
54003,0.40992772727272725,4
54004,1.0354421739130435,5
54005,0.7840576744186047,5
54006,0.4627479245283019,4
54007,0.6122784,4
54008,0.9738511764705882,5
54009,0.9967784615384615,5
54010,0.5690942857142857,4
55000,-0.16902746666666665,2
55001,0.19918162162162162,3
55002,-0.6605237593984963,1
55003,-0.17139193548387094,2
55004,0.07200222222222223,3
55005,0.02447636363636364,2
55006,-0.17059,2
55007,0.2290854945054945,3
55008,-0.3116992592592593,1
55009,-0.03145837837837838,2
55010,-0.09140881720430108,2
55011,0.1315396551724138,3
55012,0.009165263157894744,2
55013,-0.5784526027397261,1
55014,-0.05184823529411765,2
56000,-0.3489888888888889,1
56001,-0.11794842105263156,2
56002,-0.45978909090909087,1
56003,-0.5272458333333333,1
56004,-0.125952,2
